year,Datetime,q_05,q_15,q_25,q_35,q_5,q_65,q_75,q_85,q_95,actual
1,15/07/2019 00:00,19.53030664,21.98641016,22.48782227,22.24949414,23.36456055,23.66138281,24.84472461,25.23523438,26.31878125,23.445
2,15/07/2019 00:30,19.33987891,21.47315234,22.41776953,22.04871875,23.53082422,23.25956641,24.18430859,25.16465234,25.84616406,23.047
3,15/07/2019 01:00,18.86504492,20.90421875,22.13093555,21.75064063,23.12557422,22.86275,23.69816992,24.52542969,25.2622793,22.706
4,15/07/2019 01:30,18.43325,20.49770508,21.74003906,21.42109766,22.70485156,22.49795508,23.24834766,23.98921289,24.78650195,22.349
5,15/07/2019 02:00,18.06406055,20.17651563,21.32596484,21.14208594,22.32058984,22.13454102,22.84507617,23.61846094,24.41789258,21.938
6,15/07/2019 02:30,17.770125,19.93626758,20.95843359,20.92741992,22.00767578,21.90356836,22.54063867,23.43463281,24.18490039,21.895
7,15/07/2019 03:00,17.58158594,19.79410742,20.70320313,20.78728516,21.8312168,21.91652734,22.38051758,23.46242188,24.14720898,21.922
8,15/07/2019 03:30,17.56491992,19.79092773,20.66464453,20.77738086,21.89733594,22.17282031,22.41846094,23.73713086,24.40175977,21.754
9,15/07/2019 04:00,17.86421484,20.05562109,21.04606641,21.1141875,22.3719043,22.72065039,22.74926172,24.37764063,25.14900391,22.31
10,15/07/2019 04:30,18.72430078,20.93458203,22.15417578,22.12699023,23.58364844,23.90490625,23.64443555,25.77292578,26.91726367,23.565
11,15/07/2019 05:00,20.49473438,22.75542773,24.31242773,24.21239453,25.97210156,26.33454883,25.93178125,28.29820117,29.67011914,26.706
12,15/07/2019 05:30,23.63693359,25.06721094,27.434,27.27693945,29.06984375,29.5823418,29.78102539,31.34264453,32.21927734,29.085
13,15/07/2019 06:00,27.72771094,27.77686719,30.33224219,30.3120293,31.8559043,32.38374805,33.04600391,33.95034375,34.23489063,31.742
14,15/07/2019 06:30,31.08953711,30.66102539,32.54264063,32.63633008,33.96021094,34.45012109,35.32906641,35.84151563,35.83336328,33.583
15,15/07/2019 07:00,32.93400391,32.75786914,34.11008203,34.14727734,35.36713672,35.82667578,36.71105078,37.18265234,37.07901953,35.74
16,15/07/2019 07:30,33.84710547,33.99796094,35.06000781,35.09433594,36.27598047,36.71212109,37.46135156,38.08715625,37.98087891,36.295
17,15/07/2019 08:00,34.40427344,34.81158594,35.59081641,35.71910547,36.88323438,37.32801172,37.89192188,38.70284766,38.61176172,35.18
18,15/07/2019 08:30,34.79794922,35.39797656,35.92582422,36.18581641,37.31302734,37.79725391,38.16896484,39.14632813,39.06680078,37.463
19,15/07/2019 09:00,35.07025,35.80548828,36.17829688,36.55957422,37.63650781,38.1645625,38.36715625,39.47248828,39.40653125,37.58
20,15/07/2019 09:30,35.22797656,36.06362109,36.37008594,36.83607422,37.89054297,38.43863281,38.51646484,39.70389453,39.65712109,38.019
21,15/07/2019 10:00,35.28075391,36.20707031,36.48963672,37.00440625,38.08376172,38.61404688,38.62960938,39.85005859,39.82957422,38.453
22,15/07/2019 10:30,35.24423828,36.26274219,36.53201563,37.07145313,38.20508203,38.68422266,38.71627734,39.91752344,39.93383594,38.701
23,15/07/2019 11:00,35.1341875,36.24141406,36.50127734,37.05165625,38.23820703,38.64727344,38.78004688,39.91171094,39.98091406,38.829
24,15/07/2019 11:30,34.97008594,36.13923047,36.40324219,36.95920313,38.17805859,38.50641406,38.81921484,39.83593359,39.98106641,38.829
25,15/07/2019 12:00,34.77844141,35.93798047,36.24275781,36.81210938,38.03772266,38.28210547,38.82751172,39.70251563,39.94917578,38.654
26,15/07/2019 12:30,34.59132813,35.62855078,36.02773047,36.63521875,37.83449219,38.00687109,38.79094531,39.52934375,39.90007813,38.288
27,15/07/2019 13:00,34.44469922,35.25564844,35.77459375,36.46070703,37.59938672,37.72583984,38.70462891,39.34951563,39.85063672,38.143
28,15/07/2019 13:30,34.36880859,34.92750781,35.51269141,36.32028906,37.3970625,37.4895625,38.59529688,39.20812109,39.81176563,37.735
29,15/07/2019 14:00,34.38196484,34.75862109,35.30190625,36.24277344,37.33117969,37.38365234,38.52069531,39.15984766,39.78623047,37.344
30,15/07/2019 14:30,34.48240625,34.81792969,35.27841016,36.24758984,37.46442969,37.54085547,38.53778125,39.23367188,39.76386328,37.821
31,15/07/2019 15:00,34.64754297,35.11095313,35.602875,36.33530859,37.72584766,37.90667188,38.65599609,39.39098828,39.727125,37.859
32,15/07/2019 15:30,34.83394141,35.50553906,36.13226563,36.47870703,37.92711328,38.15897656,38.80858984,39.52575391,39.65455078,38.045
33,15/07/2019 16:00,34.98322656,35.8083125,36.49223828,36.63166406,37.92019531,38.12296875,38.87196875,39.53357422,39.52889844,38.097
34,15/07/2019 16:30,35.02213281,35.93401172,36.41032813,36.73226172,37.67537109,37.82817578,38.75717969,39.35125,39.33232422,37.871
35,15/07/2019 17:00,34.87095313,35.81584766,35.90067969,36.66985938,37.23536328,37.39984375,38.46812891,38.96866406,39.05296875,37.45
36,15/07/2019 17:30,34.4750625,35.43357813,35.32286328,36.21945313,36.67209375,36.91531641,38.02090234,38.42071094,38.68285156,36.968
37,15/07/2019 18:00,33.88765625,34.89664844,34.7841875,35.44815234,36.07465625,36.35292188,37.41196875,37.76708203,38.22425,36.69
38,15/07/2019 18:30,33.27207813,34.33001953,34.12024219,34.70859766,35.508125,35.64969141,36.69185156,37.06679297,37.68564063,36.115
39,15/07/2019 19:00,32.70374219,33.79043359,33.42285547,34.06892578,34.97612109,34.82086328,35.98019141,36.35981641,37.083625,35.327
40,15/07/2019 19:30,32.14500586,33.29816016,33.03519531,33.53691797,34.44426172,34.04318359,35.35105469,35.66294922,36.43370703,34.39
41,15/07/2019 20:00,31.51946094,32.8288125,32.85530469,33.01084375,33.87273828,33.47421094,34.76279688,34.9710625,35.75098047,33.878
42,15/07/2019 20:30,30.72158789,32.31269141,32.390375,32.26816211,33.20766797,32.95299219,34.10209375,34.26022266,35.03776172,33.266
43,15/07/2019 21:00,29.52882227,31.55383594,31.24542578,31.10064063,32.32226563,32.01580664,33.23845703,33.47521094,34.26925781,32.467
44,15/07/2019 21:30,27.74148047,30.16093945,29.53497461,29.58974219,30.98440039,30.41937891,32.01526367,32.47348438,33.35004297,30.827
45,15/07/2019 22:00,25.62241406,28.1590918,27.7426875,27.8050293,29.25675195,28.76777734,30.3558457,31.02220898,32.09163867,28.904
46,15/07/2019 22:30,23.68800781,26.1707207,26.01153906,25.84901172,27.33518945,27.36267383,28.55394727,29.16062305,30.39725,27.572
47,15/07/2019 23:00,22.15501563,24.43213867,24.64107227,24.24335742,25.67899414,25.97691406,27.04810352,27.45842969,28.55565039,26.246
48,15/07/2019 23:30,20.97926172,23.1255625,23.77879492,23.23144531,24.61318555,24.71905859,25.94820703,26.29080469,27.05272852,25.45
49,16/07/2019 00:00,20.92588281,22.97911719,23.61495508,23.32855078,24.12766992,24.02227344,25.28397461,25.77174609,26.67301953,24.825
50,16/07/2019 00:30,20.37117383,22.80411523,23.54477539,22.88719141,23.98279492,23.75880469,25.09364063,25.4630957,26.05065234,24.64
51,16/07/2019 01:00,19.85247852,22.38121094,23.11361914,22.53979492,23.58633594,23.4544082,24.57642578,24.98580273,25.54272266,24.042
52,16/07/2019 01:30,19.4244082,22.00700977,22.7035332,22.24386523,23.16308008,23.16675586,24.11291406,24.51070703,25.13079688,23.665
53,16/07/2019 02:00,19.08029492,21.68794531,22.29583984,22.01567773,22.77240039,22.89057813,23.77002148,24.15957617,24.81343359,23.642
54,16/07/2019 02:30,18.84581836,21.44931836,21.92635938,21.85171875,22.45336523,22.66281641,23.55216602,23.96107813,24.61446875,23.607
55,16/07/2019 03:00,18.77436914,21.31695508,21.63503711,21.7518125,22.26828711,22.58593359,23.46082617,23.94021875,24.57933203,23.489
56,16/07/2019 03:30,18.98403906,21.34393945,21.52714453,21.74929883,22.32083789,22.76350391,23.53010742,24.14972656,24.77993164,23.361
57,16/07/2019 04:00,19.64691211,21.69157422,21.80685547,21.9951543,22.78853906,23.28698828,23.89626758,24.75225195,25.36844727,23.681
58,16/07/2019 04:30,20.94843555,22.78791211,22.79110352,22.84342773,24.00783203,24.47882617,24.98033594,26.12072461,26.81430664,24.737
59,16/07/2019 05:00,23.19106445,24.92468945,24.85004492,24.88836719,26.38083984,26.80758398,27.41887891,28.46206836,29.47454883,27.749
60,16/07/2019 05:30,26.34412109,27.53896875,27.73786133,27.74717578,29.38487305,29.66164063,30.57583594,31.29165039,32.1699375,30.175
61,16/07/2019 06:00,29.70248828,30.25708984,30.45447656,30.52346289,32.18420117,32.32186719,33.44882422,33.96443359,34.38751172,32.806
62,16/07/2019 06:30,32.24183203,32.50737109,32.62257227,32.72259961,34.32402734,34.45157813,35.57010547,36.18047266,36.11194531,34.143
63,16/07/2019 07:00,33.6056875,33.95228906,34.25747266,34.25895703,35.70114453,35.92937891,36.80852734,37.667,37.37101172,35.526
64,16/07/2019 07:30,34.32280469,34.86928125,35.25553906,35.28616016,36.54455859,36.87901563,37.48900781,38.49245703,38.22110547,36.175
65,16/07/2019 08:00,34.78938672,35.51383203,35.7685,35.98079688,37.08441797,37.51767188,37.89548828,38.99531641,38.79677734,36.698
66,16/07/2019 08:30,35.12739844,35.97155078,36.05993359,36.4705625,37.45886719,37.98810547,38.17042578,39.34832813,39.21787109,37.2
67,16/07/2019 09:00,35.36637109,36.27546875,36.27212109,36.81217969,37.74392578,38.34827734,38.37908594,39.60958984,39.54528906,37.6
68,16/07/2019 09:30,35.51845313,36.45866016,36.44246094,37.03072656,37.97473438,38.61332422,38.54989063,39.79573047,39.80033203,38.093
69,16/07/2019 10:00,35.59457422,36.55080469,36.56067578,37.15039453,38.15457813,38.78334766,38.69596094,39.91023438,39.98922266,38.563
70,16/07/2019 10:30,35.60655469,36.57259375,36.61117188,37.19523047,38.26785938,38.85585547,38.82497656,39.95366406,40.11721484,39.155
71,16/07/2019 11:00,35.56527344,36.53319531,36.58962109,37.18283984,38.30117188,38.83335547,38.93942578,39.92949219,40.19289453,39.294
72,16/07/2019 11:30,35.48353906,36.43046484,36.50264844,37.12387109,38.25509375,38.72214453,39.03380469,39.84135547,40.22666797,39.091
73,16/07/2019 12:00,35.38017578,36.25188672,36.36258203,37.02905078,38.14739453,38.54142969,39.09311719,39.70427344,40.23407422,38.86
74,16/07/2019 12:30,35.27764063,35.99027734,36.18448438,36.91315625,37.99913281,38.31849609,39.08296094,39.54108594,40.23057813,38.629
75,16/07/2019 13:00,35.20066797,35.68244922,35.98546875,36.79988672,37.83617188,38.09100781,38.96689063,39.39197656,40.23039844,38.542
76,16/07/2019 13:30,35.16807422,35.4166875,35.78896484,36.71785938,37.69071875,37.90475391,38.76059375,39.30752734,40.23770703,38.524
77,16/07/2019 14:00,35.19064453,35.29046094,35.64712109,36.69516797,37.61984766,37.84012109,38.56200391,39.34013281,40.248125,38.104
78,16/07/2019 14:30,35.26686328,35.36660156,35.68054297,36.74414063,37.69167969,37.995125,38.54013281,39.50055078,40.24935547,38.155
79,16/07/2019 15:00,35.38237891,35.63492578,36.01276563,36.85299219,37.92307813,38.31032813,38.71844922,39.72778125,40.22664453,38.246
80,16/07/2019 15:30,35.50510938,35.96095703,36.50963281,36.98814063,38.20180859,38.53844531,38.94167578,39.9145,40.16127734,38.239
81,16/07/2019 16:00,35.58723438,36.19310156,36.85691016,37.10989063,38.34714063,38.53016406,39.05866016,39.97347656,40.03864453,38.376
82,16/07/2019 16:30,35.55490234,36.26263281,36.80053906,37.16295703,38.25560938,38.29821094,38.99535156,39.84657422,39.84453516,37.924
83,16/07/2019 17:00,35.3149375,36.11466797,36.33168359,37.01551172,37.93307813,37.93193359,38.73428906,39.51295313,39.56908203,37.287
84,16/07/2019 17:30,34.84961719,35.72075781,35.75370313,36.53314844,37.41635547,37.48303125,38.27221875,38.99612109,39.204375,36.858
85,16/07/2019 18:00,34.29891797,35.15647656,35.23148438,35.96560156,36.7539375,36.92157422,37.63483984,38.33998828,38.75008594,36.138
86,16/07/2019 18:30,33.78857813,34.55564844,34.61503906,35.38346875,36.02910547,36.18055859,36.91262891,37.58581641,38.21076563,35.426
87,16/07/2019 19:00,33.30818359,33.9895625,33.90246875,34.79848438,35.32907813,35.29597266,36.2290625,36.78229297,37.59557813,35.067
88,16/07/2019 19:30,32.79719141,33.47800781,33.39753906,34.24358984,34.68679297,34.50105859,35.63165625,35.98204297,36.91144922,34.334
89,16/07/2019 20:00,32.18875195,32.9835625,33.08020313,33.63851953,34.07241406,33.95299609,35.064875,35.21139844,36.16767969,33.714
90,16/07/2019 20:30,31.3917207,32.40079688,32.53049609,32.81709375,33.39890234,33.43416016,34.40429297,34.45258594,35.36616797,33.279
91,16/07/2019 21:00,30.23441406,31.5315957,31.41597852,31.63188086,32.42077148,32.4439707,33.48993359,33.63169141,34.48432422,32.593
92,16/07/2019 21:30,28.57655273,30.19515625,29.80369336,30.17373633,30.7879082,30.73218164,32.14077539,32.55540234,33.42371484,31.16
93,16/07/2019 22:00,26.61930078,28.49528516,28.03050586,28.44546484,28.88558984,29.02154883,30.31723828,30.95289844,32.01280273,29.275
94,16/07/2019 22:30,24.74808594,26.74016992,26.2949707,26.46424414,27.03921289,27.53182813,28.42029297,29.04663672,30.24625977,27.945
95,16/07/2019 23:00,23.18088086,25.15935156,24.96118164,24.80931836,25.69669141,26.10734961,26.90882617,27.48423438,28.43705469,26.433
96,16/07/2019 23:30,21.9340625,23.96311328,24.15433594,23.78307422,24.83475977,24.97435352,25.82621875,26.43198828,27.04214844,25.747
97,17/07/2019 00:00,21.49575781,23.45639063,23.84865625,23.54182227,24.36055859,24.27916211,25.11468555,25.75957227,26.18200391,24.657
98,17/07/2019 00:30,20.73580273,23.16071484,23.64360938,23.099375,24.15804492,23.93456641,24.73866602,25.39275,25.72211523,24.499
99,17/07/2019 01:00,20.13829883,22.69475781,23.25001563,22.76424609,23.81776367,23.61509766,24.36903906,24.86924609,25.37591602,23.39
100,17/07/2019 01:30,19.65335938,22.3164707,22.87005273,22.51125977,23.44803516,23.32664258,23.97579492,24.40730664,25.01103125,22.993
101,17/07/2019 02:00,19.27305664,21.99464648,22.4900332,22.33086133,23.08813086,23.06931055,23.67397266,24.08830078,24.69519727,22.741
102,17/07/2019 02:30,19.00291797,21.74264844,22.14686523,22.21826953,22.77736328,22.85197266,23.47139063,23.92195703,24.46532617,22.685
103,17/07/2019 03:00,18.88104688,21.57958789,21.89388086,22.16859961,22.57115039,22.74227344,23.39286914,23.91545898,24.36743359,22.53
104,17/07/2019 03:30,19.01710352,21.54763477,21.8220957,22.20164844,22.57649219,22.85558594,23.48236133,24.1049375,24.47425586,22.566
105,17/07/2019 04:00,19.63131836,21.77828906,22.07683203,22.43686719,23.00126953,23.3135625,23.86125195,24.64141797,24.94487109,22.239
106,17/07/2019 04:30,21.02734375,22.66666602,22.95206055,23.26705664,24.16784961,24.48175391,24.94941016,25.94227734,26.22448828,23.505
107,17/07/2019 05:00,23.74669336,24.80549609,24.93978906,25.50991016,26.39542773,26.73230273,27.47920703,28.24982617,28.74804492,26.9
108,17/07/2019 05:30,27.47325977,27.72711523,27.82863086,28.54754883,29.42693555,29.55256641,30.72357617,30.95719141,31.56425391,29.36
109,17/07/2019 06:00,30.76248438,30.51165039,30.64533398,31.24324805,32.37433594,32.24283008,33.61776953,33.51680859,33.94576563,33.236
110,17/07/2019 06:30,32.79624609,32.62424609,32.93496875,33.27465234,34.59511328,34.41973438,35.70530859,35.76834375,35.83499609,35.103
111,17/07/2019 07:00,33.853125,34.00380859,34.53714453,34.68708984,35.95775391,35.90289453,36.88076953,37.39589453,37.22752344,36.011
112,17/07/2019 07:30,34.4841875,34.90807813,35.41977344,35.63689063,36.75335156,36.83555078,37.51708203,38.32033203,38.15045703,36.676
113,17/07/2019 08:00,34.93161719,35.53558203,35.86084766,36.27713672,37.24419141,37.45908594,37.91130469,38.86983984,38.75447266,37.861
114,17/07/2019 08:30,35.26282813,35.96165234,36.12935938,36.72615625,37.57802344,37.91644531,38.19339844,39.24843359,39.18566016,38.116
115,17/07/2019 09:00,35.49740625,36.23149219,36.34278516,37.03848828,37.83417578,38.26255469,38.41633203,39.52673047,39.51678906,38.414
116,17/07/2019 09:30,35.64763672,36.38833203,36.52476563,37.23855859,38.04956641,38.51238672,38.60284375,39.72498828,39.77282813,38.792
117,17/07/2019 10:00,35.72425,36.46400391,36.6578125,37.34855859,38.22729688,38.66783984,38.76367188,39.84903516,39.96199609,39.079
118,17/07/2019 10:30,35.73802734,36.47732813,36.72186719,37.39010547,38.34755859,38.727625,38.90344922,39.90035938,40.09088281,39.231
119,17/07/2019 11:00,35.70008203,36.43487891,36.71178906,37.37874609,38.39222656,38.69598047,39.02246094,39.88342578,40.17002734,39.124
120,17/07/2019 11:30,35.62374219,36.33035547,36.63482031,37.32314844,38.35867969,38.5816875,39.110625,39.80315625,40.21141797,38.781
121,17/07/2019 12:00,35.52746875,36.15066406,36.50384375,37.23123828,38.26244531,38.40482813,39.1458125,39.67397266,40.23054297,37.465
122,17/07/2019 12:30,35.43165625,35.89874219,36.33280469,37.11510547,38.12399219,38.19314844,39.08766406,39.51871875,40.24125781,37.031
123,17/07/2019 13:00,35.35670313,35.62157031,36.13950781,36.99653125,37.96795313,37.98154688,38.90716016,39.37551563,40.25407031,36.032
124,17/07/2019 13:30,35.31915625,35.40502344,35.95616016,36.90681641,37.82973438,37.81425,38.65696094,39.29813672,40.27352344,35.46
125,17/07/2019 14:00,35.32866406,35.34083203,35.8535625,36.87729688,37.76435547,37.76388672,38.47661328,39.34346094,40.29826563,35.722
126,17/07/2019 14:30,35.38188672,35.47787109,35.94801172,36.91825,37.82591016,37.91820313,38.48824609,39.51968359,40.31998438,36.076
127,17/07/2019 15:00,35.46685156,35.76490625,36.25419531,37.01417188,38.02225391,38.22770703,38.65945313,39.75758594,40.33179297,37.103
128,17/07/2019 15:30,35.563875,36.05854688,36.62801172,37.13433203,38.26253125,38.45072656,38.85638281,39.95093359,40.31766016,37.243
129,17/07/2019 16:00,35.64214453,36.26592578,36.87952734,37.24577734,38.39869531,38.43367578,38.94116016,40.01723047,40.24091797,37.779
130,17/07/2019 16:30,35.64853906,36.3505625,36.77958203,37.30999609,38.33707422,38.20599609,38.83983984,39.89603516,40.07663672,37.605
131,17/07/2019 17:00,35.49789844,36.23626953,36.31849219,37.2405,38.07378906,37.86355078,38.53452344,39.55709375,39.82691406,37.113
132,17/07/2019 17:30,35.10053125,35.86489453,35.77413281,36.78667188,37.63137109,37.44305078,38.03315625,39.02729297,39.48885156,36.833
133,17/07/2019 18:00,34.50517969,35.31180469,35.29246484,35.99878516,37.03044531,36.90260156,37.39044922,38.37092578,39.05602734,35.821
134,17/07/2019 18:30,33.88612891,34.70676953,34.72166406,35.30463672,36.3100625,36.179625,36.71734375,37.64340625,38.52509375,35.229
135,17/07/2019 19:00,33.30091797,34.12579297,34.00751563,34.72861719,35.54297656,35.32944922,36.109125,36.88801953,37.89937109,34.566
136,17/07/2019 19:30,32.70487695,33.59621875,33.4413125,34.20417969,34.79976563,34.58941797,35.56889063,36.13923828,37.18485547,33.79
137,17/07/2019 20:00,32.05886133,33.08508594,33.12205078,33.62508594,34.09551953,34.07942969,35.0205,35.40990625,36.39055078,32.963
138,17/07/2019 20:30,31.31635938,32.49097852,32.63654492,32.82414453,33.35558203,33.54978125,34.34094141,34.67377344,35.52135547,32.28
139,17/07/2019 21:00,30.32399414,31.62463477,31.5767832,31.66511328,32.31677344,32.51144531,33.37328906,33.83588281,34.55252734,30.25
140,17/07/2019 21:30,28.87269531,30.23175,30.02417773,30.2410918,30.66518555,30.76591406,31.94278906,32.6537168,33.37840234,28.439
141,17/07/2019 22:00,27.03239844,28.39193945,28.39531836,28.53346875,28.75196289,29.11295117,30.06912305,30.90910352,31.85825977,27.759
142,17/07/2019 22:30,25.16811523,26.52859961,26.76651367,26.57460547,26.99604297,27.6934707,28.21658008,29.00304297,30.08261133,26.653
143,17/07/2019 23:00,23.55343164,24.9865,25.34689648,24.96248047,25.8121582,26.32291016,26.80280664,27.55366406,28.42633008,24.783
144,17/07/2019 23:30,22.24749414,23.92643164,24.42260742,23.97376953,25.06289453,25.20192969,25.80562891,26.59104883,27.20441797,24
145,18/07/2019 00:00,21.64273633,23.37256445,24.06523047,23.67905078,24.67229102,24.46229102,25.44284375,26.05308789,26.50075781,23.367
146,18/07/2019 00:30,20.70330859,22.85884375,23.50174609,23.07003711,24.22553906,23.9207168,24.68567383,25.6030293,25.95902148,23.107
147,18/07/2019 01:00,19.98779883,22.38092773,23.08607227,22.66925195,23.87430469,23.55477148,24.29099609,25.02366797,25.54482227,22.8
148,18/07/2019 01:30,19.40299023,22.00667383,22.68043945,22.40149609,23.5300625,23.24325195,23.89686523,24.5401543,25.12145117,22.412
149,18/07/2019 02:00,18.92752539,21.68643359,22.30648633,22.23235547,23.19939844,22.97158789,23.58969922,24.19130469,24.76841992,22.419
150,18/07/2019 02:30,18.55035156,21.42806836,21.9977207,22.14857813,22.91733789,22.73247266,23.38701367,23.99872852,24.52670117,22.428
151,18/07/2019 03:00,18.29985938,21.24991992,21.7967793,22.13735352,22.73043359,22.6050625,23.33398633,23.97946289,24.44945703,22.715
152,18/07/2019 03:30,18.28286719,21.19149609,21.74911719,22.20887695,22.72764453,22.70099609,23.48549414,24.18960156,24.62048633,22.532
153,18/07/2019 04:00,18.79602734,21.36060547,21.94687695,22.46705859,23.08169141,23.17403711,23.93081055,24.81527539,25.19850391,22.383
154,18/07/2019 04:30,20.28933398,22.04374414,22.66258984,23.28389453,24.16144336,24.47816602,24.9905293,26.25933984,26.50248828,23.582
155,18/07/2019 05:00,23.28064844,23.79772852,24.47776953,25.45301367,26.39719727,26.81694922,27.59373242,28.61224023,28.8077793,27.493
156,18/07/2019 05:30,27.38892188,26.69834961,27.4697168,28.415125,29.5936543,29.67406445,31.09216602,31.21895508,31.62376172,29.492
157,18/07/2019 06:00,30.72808789,29.77762305,30.59772852,31.1312168,32.55132813,32.42533203,33.90118359,33.56532813,34.13734375,32.659
158,18/07/2019 06:30,32.68824805,32.16797266,32.99580469,33.22010547,34.66680078,34.57962109,35.90576172,35.54555078,36.09869531,34.272
159,18/07/2019 07:00,33.75955078,33.69660156,34.4831875,34.64495313,35.97180859,35.92867578,37.05134766,37.07595703,37.50835156,35.597
160,18/07/2019 07:30,34.43517969,34.67791797,35.25351953,35.54986719,36.76288672,36.75914453,37.65432031,38.04901953,38.433,36.031
161,18/07/2019 08:00,34.91614453,35.34926172,35.65834766,36.12785156,37.26414063,37.34471875,38.02469531,38.65178906,39.02428516,35.696
162,18/07/2019 08:30,35.26007031,35.80125391,35.93035156,36.5445625,37.60032031,37.79449609,38.29305078,39.06123438,39.42108984,37.087
163,18/07/2019 09:00,35.48674609,36.08700781,36.15457031,36.87270313,37.84226563,38.13759766,38.50353516,39.35384375,39.69821484,37.283
164,18/07/2019 09:30,35.61104688,36.25348828,36.33591016,37.11791016,38.03285547,38.37991016,38.67248438,39.56016406,39.88876563,37.588
165,18/07/2019 10:00,35.64645703,36.33382031,36.4523125,37.27219531,38.18944922,38.52110547,38.80566797,39.69196875,40.00858984,37.765
166,18/07/2019 10:30,35.60575,36.34577734,36.48995703,37.33989063,38.30057813,38.55841016,38.90298828,39.75187891,40.06761719,37.843
167,18/07/2019 11:00,35.504375,36.29329688,36.45187891,37.33332422,38.3399375,38.49230859,38.96225781,39.74086719,40.07617188,37.683
168,18/07/2019 11:30,35.36221875,36.16634766,36.34947656,37.26464844,38.29095313,38.33369141,38.97905469,39.66439063,40.04855859,37.494
169,18/07/2019 12:00,35.20192969,35.94748828,36.19482422,37.14535547,38.15596094,38.10495313,38.93907031,39.53341406,40.00028516,36.806
170,18/07/2019 12:30,35.04729297,35.63883984,36.00112891,36.99054688,37.95280469,37.83816016,38.82070313,39.36612891,39.94541797,36.681
171,18/07/2019 13:00,34.92059375,35.29252734,35.78813672,36.82183203,37.71772656,37.57453125,38.62360938,39.19516406,39.89619922,36.107
172,18/07/2019 13:30,34.83700391,35.00710547,35.59702344,36.66634375,37.51001172,37.35903125,38.39986719,39.06773438,39.857625,35.882
173,18/07/2019 14:00,34.80341016,34.89146094,35.51469141,36.55517188,37.4059375,37.25482031,38.21678516,39.04289063,39.82865234,35.696
174,18/07/2019 14:30,34.81589844,35.00241797,35.61585938,36.51384375,37.45156641,37.35437109,38.11357813,39.15164844,39.80060938,35.884
175,18/07/2019 15:00,34.86228125,35.27405469,35.81874219,36.54757031,37.61326172,37.64568359,38.11601953,39.3473125,39.76271875,36.315
176,18/07/2019 15:30,34.91989844,35.54919141,36.07876172,36.63335547,37.77472266,37.86190625,38.21005859,39.51116016,39.70134375,36.457
177,18/07/2019 16:00,34.95197266,35.74216797,36.26985156,36.72822266,37.81852344,37.81141797,38.27291406,39.53044531,39.60320313,36.351
178,18/07/2019 16:30,34.89469531,35.81155078,36.08142578,36.76679688,37.68674219,37.55533203,38.17737109,39.331625,39.44978125,36.2
179,18/07/2019 17:00,34.65623438,35.64876563,35.55952734,36.59326563,37.37535938,37.21376172,37.87101953,38.89780859,39.22307031,35.628
180,18/07/2019 17:30,34.17168359,35.20720313,35.05252344,35.88601953,36.90198047,36.80806641,37.36192188,38.28997266,38.90529297,35.154
181,18/07/2019 18:00,33.50829297,34.61837109,34.58762109,34.91773828,36.30355859,36.27419531,36.7259375,37.61505469,38.48401172,35.427
182,18/07/2019 18:30,32.8115625,34.00417188,33.96621094,34.19645703,35.64374609,35.54488281,36.08373047,36.95138672,37.95342578,35.063
183,18/07/2019 19:00,32.14336914,33.42517188,33.21053906,33.69075391,34.98226563,34.70571484,35.51455469,36.31929688,37.32052344,34.112
184,18/07/2019 19:30,31.52511523,32.89863672,32.69680078,33.30208203,34.34241016,34.01272266,35.00037891,35.70979688,36.59787109,33.227
185,18/07/2019 20:00,30.96898047,32.38035352,32.50696094,32.87464453,33.70821484,33.55355078,34.46125781,35.10361328,35.80789063,32.827
186,18/07/2019 20:30,30.40386719,31.79376563,32.17049023,32.1786875,33.01263281,33.079875,33.79454688,34.47108984,34.96560938,32.406
187,18/07/2019 21:00,29.6219707,30.977125,31.19377734,31.10210352,32.05344531,32.14982031,32.88769531,33.74960156,34.03989453,31.127
188,18/07/2019 21:30,28.35492969,29.58337109,29.74027344,29.79495117,30.59521484,30.48233398,31.59572461,32.74925,32.89610547,29.724
189,18/07/2019 22:00,26.6115,27.65571875,28.30604688,28.19325977,28.94166016,28.80274219,29.89835156,31.1435293,31.3755957,27.897
190,18/07/2019 22:30,24.78016992,25.76510547,26.85300195,26.32592383,27.22880273,27.42601953,28.16745703,29.15379883,29.6434043,26.665
191,18/07/2019 23:00,23.1859668,24.32647656,25.43552148,24.77313672,25.91883008,26.15795313,26.80976172,27.567875,28.16270703,25.349
192,18/07/2019 23:30,21.90235352,23.42066406,24.41436914,23.81447656,25.10149805,25.11413477,25.85413867,26.5690918,27.11048047,24.74
193,19/07/2019 00:00,21.60517578,23.10540234,23.94001367,23.57575,24.65603711,24.54379102,25.90020117,26.26106055,26.63046484,24.15
194,19/07/2019 00:30,20.51605469,22.25776172,23.1138457,22.78072852,24.03013672,23.91051172,24.90326758,25.7114043,26.00494727,23.959
195,19/07/2019 01:00,19.82632031,21.75848047,22.68105664,22.34148047,23.65366211,23.51382031,24.35273047,25.17104297,25.50191016,23.584
196,19/07/2019 01:30,19.20055859,21.33913867,22.27037109,22.04029102,23.30530273,23.16870898,23.92915039,24.71840039,25.05526367,23.364
197,19/07/2019 02:00,18.68579688,20.99705664,21.91649023,21.85787891,22.98651758,22.85446484,23.59445117,24.36979688,24.71606445,22.978
198,19/07/2019 02:30,18.27966016,20.73583789,21.63500195,21.77552539,22.71732813,22.59638086,23.3760625,24.18444336,24.53170508,22.81
199,19/07/2019 03:00,18.00707813,20.56567773,21.4519043,21.77428711,22.53457422,22.51081641,23.32872461,24.20281445,24.56382227,22.949
200,19/07/2019 03:30,17.95043945,20.51324219,21.39310547,21.85493945,22.51146094,22.65642773,23.51620703,24.4755332,24.89761523,22.864
201,19/07/2019 04:00,18.37350391,20.65446094,21.51738281,22.08911523,22.78373242,23.10725977,24.02537891,25.16449219,25.65927344,22.004
202,19/07/2019 04:30,19.79476953,21.19509961,22.05374414,22.75261523,23.64473438,24.24591016,25.13349023,26.60130664,27.03589258,23.103
203,19/07/2019 05:00,22.68958984,22.60274219,23.69114063,24.52139844,25.78304883,26.50272266,27.67222461,28.91539063,29.16131445,26.166
204,19/07/2019 05:30,26.61495508,25.22192773,26.78788086,27.36152734,29.15516992,29.31037891,31.04351367,31.54896484,31.72495117,28.481
205,19/07/2019 06:00,29.87423242,28.25405273,30.05017383,30.21281836,32.21536328,31.89082227,33.61361328,33.79597266,34.07673438,31.989
206,19/07/2019 06:30,31.92080859,30.89592578,32.31377734,32.55876367,34.29774609,33.93330859,35.56446484,35.44894922,35.91982813,33.812
207,19/07/2019 07:00,33.12491016,32.62294922,33.73480078,34.18910156,35.58408203,35.27130859,36.80752734,36.65688281,37.26111328,35.482
208,19/07/2019 07:30,33.91707813,33.66344922,34.60329688,35.18367188,36.41765625,36.14391016,37.46465234,37.53071875,38.17318359,35.863
209,19/07/2019 08:00,34.48819141,34.38658984,35.13890234,35.74026172,36.98990625,36.79092188,37.83933594,38.15992188,38.77154297,36.721
210,19/07/2019 08:30,34.89171094,34.92932031,35.50862891,36.08544531,37.38926172,37.30333203,38.09686328,38.63331641,39.16826953,37.091
211,19/07/2019 09:00,35.14304688,35.31798828,35.78704297,36.35623047,37.66866406,37.70474609,38.29420313,38.99944531,39.43260156,37.141
212,19/07/2019 09:30,35.25446484,35.56876563,35.97959375,36.59230078,37.86689453,38.00022266,38.44576953,39.27369141,39.59971094,37.366
213,19/07/2019 10:00,35.24427734,35.70435547,36.07754297,36.77370313,38.01016797,38.18518359,38.55336328,39.45903516,39.68786328,37.588
214,19/07/2019 10:30,35.13383594,35.74310156,36.08499609,36.86775,38.10677734,38.25112891,38.61876953,39.55745703,39.71127734,37.728
215,19/07/2019 11:00,34.94455078,35.69230859,36.01283594,36.8576875,38.1393125,38.19289063,38.64242969,39.57194141,39.68313281,38.017
216,19/07/2019 11:30,34.70180078,35.54442578,35.87181641,36.74844922,38.07688672,38.01403125,38.62148047,39.50687109,39.61483594,37.691
217,19/07/2019 12:00,34.43576953,35.28036328,35.67187891,36.56029688,37.90056641,37.73447266,38.55039844,39.37244531,39.52137891,37.218
218,19/07/2019 12:30,34.17835938,34.89517188,35.42337109,36.32596484,37.61495703,37.38529688,38.42030469,39.18342969,39.41688281,35.637
219,19/07/2019 13:00,33.96026953,34.44046875,35.14148047,36.08501953,37.268875,37.00901563,38.23448438,38.96575391,39.31587109,35.71
220,19/07/2019 13:30,33.80508984,34.0306875,34.85635938,35.87371484,36.96030859,36.65666016,38.02351953,38.759375,39.228125,35.368
221,19/07/2019 14:00,33.72510547,33.79901172,34.63771875,35.71611719,36.78834766,36.39484375,37.83549609,38.61982031,39.15676172,34.8
222,19/07/2019 14:30,33.71738672,33.82767578,34.56735156,35.62394531,36.77994531,36.32589063,37.70042188,38.59485547,39.09482031,34.491
223,19/07/2019 15:00,33.7655,34.07779688,34.55504688,35.59584375,36.86641797,36.51049219,37.60314063,38.67228125,39.03183594,33.664
224,19/07/2019 15:30,33.83636719,34.3713125,34.65169922,35.61025781,36.91904297,36.71032031,37.52987109,38.74392578,38.95127344,33.971
225,19/07/2019 16:00,33.87841797,34.56685547,34.81547266,35.60718359,36.83787891,36.66041797,37.50258203,38.67489844,38.83620703,34.421
226,19/07/2019 16:30,33.81335547,34.58428516,34.61726172,35.46617969,36.58853516,36.41199609,37.44442188,38.39235547,38.66596875,34.503
227,19/07/2019 17:00,33.54408984,34.31421484,34.16210156,35.05913672,36.18901563,36.09381641,37.23002344,37.91878516,38.42078516,33.474
228,19/07/2019 17:30,33.02502344,33.81360547,33.76458984,34.50687109,35.69271484,35.72578125,36.81144141,37.34754297,38.08216406,33.029
229,19/07/2019 18:00,32.34185938,33.23785938,33.32813281,33.93014453,35.16765234,35.24877734,36.2205,36.76612109,37.64083984,32.376
230,19/07/2019 18:30,31.63984766,32.66106055,32.6738125,33.32266406,34.66033594,34.58994922,35.56394531,36.205875,37.09723438,31.734
231,19/07/2019 19:00,31.00302539,32.12915234,31.95902344,32.82032813,34.1735625,33.79557031,34.95445313,35.66223438,36.46592188,30.612
232,19/07/2019 19:30,30.469,31.65011328,31.59648828,32.47064453,33.67649219,33.09220313,34.40628906,35.12151953,35.77184375,30.139
233,19/07/2019 20:00,30.02734766,31.18535156,31.56372461,32.11641797,33.11996094,32.61690625,33.85094922,34.56981641,35.04423047,29.053
234,19/07/2019 20:30,29.57161523,30.67477148,31.35389063,31.49367578,32.42560156,32.19976758,33.22081641,33.99175391,34.29809766,28.526
235,19/07/2019 21:00,28.8787207,29.99373438,30.49096094,30.49582227,31.48168359,31.44394727,32.45633008,33.35730859,33.49929297,27.761
236,19/07/2019 21:30,27.67633594,28.86248438,29.16867969,29.31257813,30.27544922,29.99607813,31.43692969,32.56767188,32.51872852,26.277
237,19/07/2019 22:00,25.9840625,27.236625,27.86986328,27.89799023,28.93527539,28.36117383,30.04420898,31.33764258,31.16917383,27.992
238,19/07/2019 22:30,24.21443555,25.5414375,26.5487832,26.19583789,27.32628516,27.03969727,28.4302793,29.49211133,29.50897266,26.885
239,19/07/2019 23:00,22.69879883,24.0446582,25.15249219,24.62152344,25.83694531,25.87874023,26.99264258,27.68460742,27.99688477,26.033
240,19/07/2019 23:30,21.49197852,22.9425957,24.03100391,23.55873633,24.86991602,24.90760156,25.92770703,26.49880273,26.91808984,25.094
241,20/07/2019 00:00,21.57434375,22.64539648,23.50042578,23.52789258,24.36023438,24.20616016,25.41462695,26.16952148,26.25635742,23.726
242,20/07/2019 00:30,20.07662891,21.42530469,22.53589063,22.34486914,23.30933203,23.4865293,24.825,25.19838086,25.28049023,23.23
243,20/07/2019 01:00,19.45997266,21.0038457,22.01413281,21.82969531,22.82161133,22.95364063,24.15326172,24.63308789,24.75875,21.942
244,20/07/2019 01:30,18.86826172,20.60459766,21.54931836,21.42673438,22.3592207,22.49542969,23.49594727,24.14082227,24.26882227,21.528
245,20/07/2019 02:00,18.38041016,20.26107617,21.1195918,21.14700977,21.93129688,22.09148438,22.96292578,23.72961914,23.88388477,20.996
246,20/07/2019 02:30,17.98523438,19.97677148,20.71758789,20.96079297,21.53921094,21.73479688,22.58464258,23.43555859,23.59908594,20.714
247,20/07/2019 03:00,17.6844043,19.75186133,20.35962695,20.85315039,21.20369141,21.51732617,22.4055332,23.29550586,23.43276953,20.171
248,20/07/2019 03:30,17.47921094,19.59777344,20.09694141,20.8233125,20.97753906,21.51506836,22.44347461,23.34806445,23.42471094,19.95
249,20/07/2019 04:00,17.38529883,19.54612305,20.03607422,20.89878125,20.97190234,21.74148438,22.71900586,23.66723242,23.65429883,20.159
250,20/07/2019 04:30,17.46925391,19.69085352,20.39636523,21.17780469,21.39518164,22.27314453,23.28027539,24.44690234,24.26480078,20.658
251,20/07/2019 05:00,17.93500391,20.28697266,21.48159375,21.94053906,22.71742188,23.37866016,24.21315039,25.93363281,25.41260938,22.629
252,20/07/2019 05:30,19.2338125,21.66347461,23.06617188,23.56516406,24.77303906,25.19408398,25.62547656,27.77569531,26.99698242,23.719
253,20/07/2019 06:00,21.77981836,23.45488477,24.82221289,25.53583203,26.51614258,27.33326172,27.47084961,29.37277344,28.88251367,26.495
254,20/07/2019 06:30,24.64836719,25.22268555,26.73928125,27.27115234,28.08979688,29.15241016,29.32574023,30.7278418,30.87099805,28.239
255,20/07/2019 07:00,26.78980469,26.94980859,28.55383398,28.85654102,29.76546094,30.53413867,30.72348047,32.03349219,32.44066016,29.64
256,20/07/2019 07:30,28.38223828,28.58694727,29.84555273,30.22355078,31.24093555,31.67204102,31.66786328,33.26840625,33.50791406,30.643
257,20/07/2019 08:00,29.42937695,29.89458789,30.5757168,31.15041211,32.21986523,32.61260938,32.38495313,34.25891797,34.24871875,31.678
258,20/07/2019 08:30,29.99370508,30.70076953,31.12507227,31.71764453,32.79241406,33.29290625,33.03778125,34.92128906,34.75624219,32.235
259,20/07/2019 09:00,30.29584766,31.13796094,31.72776563,32.15502539,33.14225,33.73451563,33.65974219,35.3074375,35.08079688,32.756
260,20/07/2019 09:30,30.44969531,31.3724043,32.22563672,32.51091406,33.36908594,34.00029688,34.18125,35.50205469,35.26653125,33.645
261,20/07/2019 10:00,30.47535352,31.48923047,32.48081445,32.69452734,33.50596484,34.12834766,34.52384375,35.56373047,35.35020703,33.659
262,20/07/2019 10:30,30.36448633,31.52137109,32.52749023,32.67828125,33.55872266,34.13316016,34.66917578,35.52448438,35.35751563,33.614
263,20/07/2019 11:00,30.12076953,31.47947266,32.42267773,32.50701172,33.52499609,34.01605469,34.63859375,35.40119141,35.30455078,33.208
264,20/07/2019 11:30,29.7770625,31.37039258,32.20040234,32.23979492,33.40267188,33.77567969,34.45621875,35.20651953,35.202875,33.013
265,20/07/2019 12:00,29.39119336,31.17347852,31.87819141,31.9389082,33.19103516,33.42451563,34.14549219,34.95403906,35.06342969,32.337
266,20/07/2019 12:30,29.03458789,30.78841016,31.46692969,31.65964453,32.88057422,33.00116797,33.76624609,34.65751953,34.89648828,31.676
267,20/07/2019 13:00,28.76541797,30.22886328,30.9896875,31.4365,32.46599023,32.56988477,33.41935156,34.34001953,34.71691797,31.168
268,20/07/2019 13:30,28.61374219,29.7405332,30.50294531,31.28579102,32.06064063,32.19779102,33.17436328,34.03780078,34.54524219,30.54
269,20/07/2019 14:00,28.58113281,29.46963086,30.09783594,31.21819727,31.83658594,31.94942773,33.04525,33.80860938,34.40629688,30.372
270,20/07/2019 14:30,28.65015234,29.42470117,29.89954688,31.24356836,31.85952539,31.91342773,33.03054688,33.72257422,34.32034375,30.272
271,20/07/2019 15:00,28.78803711,29.59791602,30.07843945,31.367375,32.08907617,32.15385352,33.13593359,33.81842188,34.29507031,30.946
272,20/07/2019 15:30,28.95160938,29.99249219,30.68918555,31.5774707,32.39983008,32.53406055,33.35305469,34.0326875,34.31728125,31.653
273,20/07/2019 16:00,29.08999805,30.51834766,31.42256641,31.82689063,32.66348633,32.84988281,33.61044922,34.24344922,34.35949219,31.832
274,20/07/2019 16:30,29.1637832,30.9217832,31.80305664,32.01277734,32.82444531,33.0198125,33.73305469,34.37624219,34.38840234,31.847
275,20/07/2019 17:00,29.16646484,30.99722266,31.69386133,32.00325195,32.88655469,33.00961719,33.58014453,34.41996094,34.379,31.957
276,20/07/2019 17:30,29.13176758,30.76451563,31.23450391,31.74669922,32.85841016,32.76245313,33.26231641,34.37862891,34.31729688,31.702
277,20/07/2019 18:00,29.0998418,30.44237695,30.70536719,31.37516211,32.73899805,32.26888867,32.97907031,34.25656641,34.20010547,31.597
278,20/07/2019 18:30,29.06547852,30.18219727,30.41401953,31.07066797,32.52783789,31.70809766,32.76998828,34.05837891,34.02807422,30.948
279,20/07/2019 19:00,28.96920117,29.96424023,30.41774219,30.86508203,32.23756055,31.29759766,32.59258203,33.79395313,33.80475,30.266
280,20/07/2019 19:30,28.75613086,29.7303457,30.53631055,30.66268945,31.88030664,31.06811914,32.40303516,33.47211719,33.52771484,29.637
281,20/07/2019 20:00,28.41861523,29.43661328,30.50305273,30.28946289,31.43998633,30.95741797,32.17245313,33.10201953,33.18890234,29.698
282,20/07/2019 20:30,27.97157422,29.04588672,30.17589844,29.59787891,30.85016211,30.83005859,31.86636719,32.68498438,32.75872656,29.746
283,20/07/2019 21:00,27.34775,28.46253516,29.4956582,28.76905469,30.04734961,30.37354492,31.42349023,32.20558789,32.17269727,29.195
284,20/07/2019 21:30,26.42746484,27.48524805,28.36641602,28.00630859,29.0579375,29.26818945,30.72564453,31.59103125,31.33591406,28.212
285,20/07/2019 22:00,25.25771094,26.20289648,27.01511328,27.08851953,27.87658008,27.59193164,29.63161914,30.63066797,30.22517773,26.795
286,20/07/2019 22:30,23.88369141,25.02923047,25.75657422,25.86612695,26.41988867,25.95227148,28.18315039,29.12485156,29.00093555,25.555
287,20/07/2019 23:00,22.38587109,23.93114258,24.50662695,24.48111719,24.98874414,24.80614453,26.70941016,27.41901367,27.83346289,24.489
288,20/07/2019 23:30,21.08071094,22.80991992,23.40579492,23.26114258,23.99656055,24.04846094,25.50733789,26.0979668,26.76742969,23.75
289,21/07/2019 00:00,20.16008984,22.09411133,22.63601172,22.48086328,23.49042969,23.53455664,24.49361914,25.23482617,26.57949414,23.148
290,21/07/2019 00:30,19.551125,21.38818945,22.30383594,21.83043945,23.10508008,23.05068359,24.20297656,24.82390234,25.86252148,22.986
291,21/07/2019 01:00,18.79662891,20.74173828,21.77161523,21.3727793,22.5720625,22.5205918,23.57273828,24.25443164,24.90024609,22.129
292,21/07/2019 01:30,18.23812695,20.2657793,21.25603516,20.90131055,22.04613086,22.06666602,22.93677734,23.72254492,24.18757813,21.714
293,21/07/2019 02:00,17.76969727,19.84291992,20.7322832,20.5234375,21.55810938,21.64620117,22.37695508,23.26396484,23.64541797,21.399
294,21/07/2019 02:30,17.38729492,19.4608457,20.24117188,20.22091211,21.1075625,21.24870898,21.93262695,22.90079102,23.23160742,21.243
295,21/07/2019 03:00,17.08064258,19.13025586,19.8103418,19.98797656,20.71613867,20.94036719,21.64557813,22.64638672,22.93284375,20.927
296,21/07/2019 03:30,16.84032031,18.87229883,19.48277344,19.82898633,20.43475586,20.77676758,21.54339258,22.51793555,22.75280078,20.717
297,21/07/2019 04:00,16.66804297,18.72644336,19.34728125,19.76701758,20.35026953,20.76427148,21.64068359,22.54829492,22.71292578,20.367
298,21/07/2019 04:30,16.58406055,18.78312891,19.49655469,19.86696289,20.58974414,20.91468359,21.94997461,22.8247793,22.8750957,20.489
299,21/07/2019 05:00,16.64480469,19.22279883,19.99825586,20.28620898,21.37208008,21.28002344,22.49735547,23.56284766,23.39427734,21.291
300,21/07/2019 05:30,16.97341992,20.1079375,20.82853516,21.27398633,22.74326563,22.01434961,23.35916016,25.0373125,24.57714648,22.757
301,21/07/2019 06:00,17.81549414,21.08510547,21.95286133,22.79181836,24.2240918,23.50662891,24.66404688,26.91143555,26.34214063,23.64
302,21/07/2019 06:30,19.47293359,22.21254492,23.38301563,24.44816602,25.61253906,25.73354883,26.44789844,28.52287109,28.17458594,25.038
303,21/07/2019 07:00,21.83970313,23.718875,25.24044727,26.16402539,27.19556836,27.61812305,28.32937891,29.85038281,30.12871484,27.438
304,21/07/2019 07:30,24.28839648,25.50991211,27.36561719,27.91322656,28.98778906,29.10894922,29.82321289,31.16727734,31.72707422,28.56
305,21/07/2019 08:00,26.49781836,27.30200781,28.99641797,29.36152148,30.50921875,30.375625,30.89342969,32.47707031,32.79910547,29.803
306,21/07/2019 08:30,28.18025781,28.71948438,29.84094922,30.35658203,31.49166992,31.52740039,31.7427207,33.55537109,33.52807813,30.869
307,21/07/2019 09:00,29.12062695,29.63544727,30.4109043,31.11113281,32.10261719,32.45646094,32.49841016,34.26692578,34.01699219,31.647
308,21/07/2019 09:30,29.61148242,30.23869141,31.03200195,31.77408789,32.5349707,33.05544141,33.16528906,34.66295313,34.32282422,31.783
309,21/07/2019 10:00,29.8890918,30.67292773,31.56036133,32.28647266,32.872875,33.38430859,33.68927344,34.84363281,34.49270313,32.54
310,21/07/2019 10:30,30.03122461,30.95801367,31.85101758,32.57385156,33.13696094,33.53028906,34.03677734,34.8809375,34.56446094,32.873
311,21/07/2019 11:00,30.0532793,31.09004102,31.92797266,32.64385352,33.31634766,33.53227344,34.21522266,34.81860938,34.56644141,33.363
312,21/07/2019 11:30,29.96381445,31.08452344,31.85804688,32.54032617,33.37917188,33.39542969,34.24705469,34.68144141,34.51758984,33.61
313,21/07/2019 12:00,29.78603125,30.95713477,31.69038281,32.32376172,33.29346875,33.13508594,34.14240625,34.49147656,34.4345,33.333
314,21/07/2019 12:30,29.57107617,30.68889648,31.45758789,32.07374805,33.06927734,32.80071484,33.90464844,34.269,34.33315234,32.737
315,21/07/2019 13:00,29.38262305,30.30834375,31.18606055,31.86340234,32.77682813,32.46839844,33.59677344,34.04159375,34.23316016,32.385
316,21/07/2019 13:30,29.27500586,30.00458398,30.91143945,31.74012109,32.51641016,32.21113672,33.36475781,33.8465,34.15634766,31.711
317,21/07/2019 14:00,29.27380078,29.88415234,30.69076953,31.72507617,32.39010352,32.10435547,33.29019531,33.73953906,34.12578516,30.973
318,21/07/2019 14:30,29.37665234,29.93579492,30.6255918,31.82043164,32.46552539,32.24039844,33.36424609,33.77700391,34.15491016,31.094
319,21/07/2019 15:00,29.55466016,30.14210352,30.86149023,32.01562891,32.73494922,32.62004688,33.57284375,33.96907813,34.24146094,31.635
320,21/07/2019 15:30,29.75714453,30.51521484,31.44267578,32.27824219,33.08629297,33.05471484,33.87461328,34.23209766,34.36229688,32.096
321,21/07/2019 16:00,29.92007617,31.02183984,32.10594922,32.54081836,33.36788281,33.37927344,34.13079688,34.45716016,34.48357422,33.157
322,21/07/2019 16:30,29.9974668,31.46092969,32.46659375,32.69510156,33.50243359,33.53772266,34.15685938,34.594625,34.57354297,33.288
323,21/07/2019 17:00,30.00399219,31.61761914,32.39890625,32.63081055,33.49816797,33.49663672,33.92441016,34.64095313,34.61101172,32.949
324,21/07/2019 17:30,30.00019141,31.48901953,31.97801758,32.3323125,33.38380078,33.21253516,33.60386719,34.59894531,34.58564453,32.775
325,21/07/2019 18:00,30.01715625,31.21656445,31.43009375,31.93757617,33.17859766,32.71584375,33.33532813,34.47047656,34.49573438,32.397
326,21/07/2019 18:30,30.02542969,30.9472793,31.08646484,31.60338086,32.89857422,32.19005273,33.13044531,34.25861719,34.34282422,32.046
327,21/07/2019 19:00,29.96506836,30.70552539,31.04064258,31.35968945,32.56498828,31.80271289,32.95083594,33.97051563,34.13001563,31.282
328,21/07/2019 19:30,29.78210547,30.44015039,31.08374805,31.12569141,32.18955469,31.56358398,32.75506445,33.61388672,33.85713281,30.869
329,21/07/2019 20:00,29.42975,30.09392969,30.93301563,30.73065039,31.74891406,31.40652344,32.50435352,33.19633203,33.51853125,30.065
330,21/07/2019 20:30,28.84415039,29.60417383,30.48177344,30.00579297,31.16561719,31.19031445,32.14703906,32.71730078,33.08984375,29.818
331,21/07/2019 21:00,27.91678516,28.84075586,29.68627539,29.08649805,30.32779297,30.66539258,31.5960625,32.15016016,32.50613672,28.165
332,21/07/2019 21:30,26.61067773,27.62173828,28.42161719,28.17356445,29.15672656,29.57861133,30.70909961,31.39666992,31.64500391,26.758
333,21/07/2019 22:00,25.04154297,26.16703906,26.8694707,27.0817793,27.60604102,27.90963867,29.36519336,30.26205664,30.42769531,23.532
334,21/07/2019 22:30,23.26935547,24.79813477,25.32582227,25.69731055,25.86991016,26.11361133,27.72290625,28.67998828,29.05231055,21.903
335,21/07/2019 23:00,21.57127734,23.4734707,23.88736719,24.20026172,24.52189648,24.70365625,26.20365039,27.05008203,27.74643164,20.455
336,21/07/2019 23:30,20.29412109,22.26494141,22.84805469,22.93249023,23.6305918,23.74393164,25.02889258,25.80999219,26.46226172,19.404